le monde,Matières Premières : « Fortes tensions sur le marché du riz »,2023-02-11 08:00:00,https://www.lemonde.fr/economie/article/2023/02/11/matieres-premieres-fortes-tensions-sur-le-marche-du-riz_6161413_3234.html
le monde,"En Ukraine, la défense antiaérienne, ange gardien de Kiev face aux salves de missiles russes",2023-02-11 10:25:00,https://www.lemonde.fr/international/article/2023/02/11/en-ukraine-la-defense-antiaerienne-ange-gardien-de-kiev-face-aux-salves-de-missiles-russes_6161432_3210.html
le monde,La France buissonnière : il faut sauver la boulangerie du village !,2023-02-12 06:00:00,https://www.lemonde.fr/m-perso/article/2023/02/12/la-france-buissonniere-il-faut-sauver-la-boulangerie-du-village_6161493_4497916.html
le monde,"Le visage caché de Patrick Hansen, l’homme qui a fait reculer la transparence financière en Europe",2023-02-12 06:00:00,https://www.lemonde.fr/les-decodeurs/article/2023/02/12/le-visage-cache-de-patrick-hansen-l-homme-qui-a-fait-reculer-la-transparence-financiere-en-europe_6161500_4355770.html
le monde,"En Ukraine, la mémoire de la guerre entre déjà au musée",2023-02-12 06:01:00,https://www.lemonde.fr/un-si-proche-orient/article/2023/02/12/en-ukraine-la-memoire-de-la-guerre-entre-deja-au-musee_6161502_6116995.html
le monde,Bilan du Monde | Réchauffement : pourquoi la sobriété est un levier pour accélérer la lutte contre le dérèglement climatique,2023-02-12 07:30:00,https://www.lemonde.fr/planete/article/2023/02/12/bilan-du-monde-rechauffement-pourquoi-la-sobriete-est-un-levier-pour-accelerer-la-lutte-contre-le-dereglement-climatique_6161508_3244.html
le monde,"JO 2024 : Thomas Bach, le président du CIO, répond à Volodymyr Zelensky",2023-02-12 13:59:00,https://www.lemonde.fr/sport/article/2023/02/12/jo-2024-thomas-bach-le-president-du-cio-repond-a-volodymyr-zelensky_6161532_3242.html
le monde,La guerre en Ukraine fait basculer le monde dans l’ère des cyberattaques,2023-02-12 17:00:00,https://www.lemonde.fr/economie/article/2023/02/12/la-guerre-en-ukraine-fait-basculer-le-monde-dans-l-ere-des-cyberattaques_6161549_3234.html
le monde,« Black Panther II » : Sébastien Lecornu dénonce la représentation des soldats français dans le film de Marvel,2023-02-12 17:07:00,https://www.lemonde.fr/international/article/2023/02/12/black-panther-ii-sebastien-lecornu-denonce-la-representation-des-soldats-francais-dans-le-film-de-marvel_6161550_3210.html
le monde,Cybersécurité : quand les ordinateurs s’attaquent entre eux,2023-02-12 18:00:00,https://www.lemonde.fr/economie/article/2023/02/12/cybersecurite-quand-les-ordinateurs-s-attaquent-entre-eux_6161556_3234.html
le monde,Cybersécurité : le dilemme des hackeurs russes,2023-02-12 19:00:00,https://www.lemonde.fr/economie/article/2023/02/12/cybersecurite-le-dilemme-des-hackeurs-russes_6161561_3234.html
le monde,"En Allemagne, le SPD d’Olaf Scholz perd les élections au parlement de Berlin",2023-02-12 19:58:00,https://www.lemonde.fr/international/article/2023/02/12/en-allemagne-le-spd-d-olaf-scholz-perd-les-elections-au-parlement-de-berlin_6161566_3210.html
le monde,"Guerre en Ukraine : pour accélérer la production de munitions à destination de Kiev, Bruxelles envisage d’effectuer des achats en commun",2023-02-12 21:27:00,https://www.lemonde.fr/international/article/2023/02/12/pour-accelerer-la-production-de-munitions-bruxelles-etudie-des-achats-communs-specifiques-pour-l-ukraine_6161571_3210.html
le monde,Alexeï Venediktov : « La haine est entrée au sein de chaque famille russe »,2023-02-13 06:00:00,https://www.lemonde.fr/international/article/2023/02/13/alexei-venediktov-la-haine-est-entree-au-sein-de-chaque-famille-russe_6161602_3210.html
le monde,"Le conservateur Nikos Christodoulides, ancien ministre des affaires étrangères, élu président de Chypre",2023-02-13 10:17:00,https://www.lemonde.fr/international/article/2023/02/13/le-conservateur-nikos-christodoulides-ancien-ministre-des-affaires-etrangeres-elu-president-de-chypre_6161621_3210.html
le monde,Zone euro : Bruxelles rehausse sa prévision de croissance pour 2023 et écarte une récession,2023-02-13 10:48:00,https://www.lemonde.fr/economie/article/2023/02/13/zone-euro-bruxelles-rehausse-sa-prevision-de-croissance-pour-2023-et-ecarte-une-recession_6161632_3234.html
le monde,Biodiversité : lutter d’urgence contre la disparition des insectes,2023-02-13 11:00:00,https://www.lemonde.fr/idees/article/2023/02/13/biodiversite-lutter-d-urgence-contre-la-disparition-des-insectes_6161635_3232.html
le monde,Pourquoi la BCE augmente-t-elle ses taux ?,2023-02-13 16:41:00,https://www.lemonde.fr/les-decodeurs/article/2023/02/13/pourquoi-la-bce-augmente-t-elle-ses-taux_6161662_4355770.html
le monde,Violences au Stade de France : « l’approbation » d’Emmanuel Macron et le « délai très court » pointés par le rapport de l’UEFA,2023-02-13 17:57:00,https://www.lemonde.fr/societe/article/2023/02/13/violences-au-stade-de-france-l-approbation-d-emmanuel-macron-et-le-delai-tres-court-pointes-par-le-rapport-de-l-uefa_6161672_3224.html
le monde,L’Europe échappe de justesse à la récession,2023-02-13 18:26:00,https://www.lemonde.fr/economie/article/2023/02/13/l-europe-echappe-de-justesse-a-la-recession_6161677_3234.html
le monde,"Hans Modrow, dernier chef de gouvernement communiste de la RDA, est mort",2023-02-13 18:57:00,https://www.lemonde.fr/disparitions/article/2023/02/13/hans-modrow-dernier-chef-de-gouvernement-communiste-de-la-rda-est-mort_6161679_3382.html
le monde,"« La Russie n’a pas subi l’“effondrement” économique annoncé par Bruno Le Maire, fin février 2022 »",2023-02-13 20:00:00,https://www.lemonde.fr/idees/article/2023/02/13/la-russie-n-a-pas-subi-l-effondrement-economique-annonce-par-bruno-le-maire-fin-fevrier-2022_6161685_3232.html
le monde,"Le président iranien, Ebrahim Raïssi, en Chine pour renforcer l’axe antioccidental",2023-02-13 21:00:00,https://www.lemonde.fr/international/article/2023/02/13/le-president-iranien-ebrahim-raissi-en-chine-pour-renforcer-l-axe-antioccidental_6161689_3210.html
le monde,La France fait face à un fort regain de climatoscepticisme sur Twitter,2023-02-13 21:18:00,https://www.lemonde.fr/planete/article/2023/02/13/la-france-fait-face-a-un-fort-regain-de-climatoscepticisme-sur-twitter_6161691_3244.html
le monde,"« Conduire la guerre, entretiens sur l’art opératif » : allier combat et politique en période de conflits",2023-02-14 05:00:00,https://www.lemonde.fr/idees/article/2023/02/14/conduire-la-guerre-entretiens-sur-l-art-operatif-allier-combat-et-politique-en-periode-de-conflits_6161703_3232.html
le monde,L’armée de terre tire les leçons de la guerre en Ukraine,2023-02-14 05:00:00,https://www.lemonde.fr/international/article/2023/02/14/l-armee-de-terre-tire-les-lecons-de-la-guerre-en-ukraine_6161705_3210.html
le monde,"Fos-sur-Mer, laboratoire géant des mutations de la civilisation carbonée",2023-02-14 05:30:00,https://www.lemonde.fr/economie/article/2023/02/14/fos-sur-mer-laboratoire-geant-des-mutations-de-la-civilisation-carbonee_6161711_3234.html
le monde,La Suède se prépare à la guerre et mobilise les civils,2023-02-14 06:00:00,https://www.lemonde.fr/international/article/2023/02/14/la-suede-se-prepare-a-la-guerre-et-mobilise-les-civils_6161718_3210.html
le monde,"En Italie, Giorgia Meloni conforte son assise à droite",2023-02-14 11:15:00,https://www.lemonde.fr/international/article/2023/02/14/en-italie-giorgia-meloni-conforte-son-assise-a-droite_6161752_3210.html
le monde,Air India signe un contrat record avec Airbus et Boeing prévoyant l’achat de 250 avions européens et de 220 appareils américains,2023-02-14 12:14:00,https://www.lemonde.fr/economie/article/2023/02/14/air-india-signe-un-contrat-record-avec-airbus-et-boeing-prevoyant-l-achat-de-250-avions-europeens-et-de-220-appareils-americains_6161763_3234.html
le monde,« La commande historique d’Air India à Airbus et Boeing illustre la surdité aux alarmes climatiques »,2023-02-14 12:18:00,https://www.lemonde.fr/economie/article/2023/02/14/la-commande-historique-d-air-india-a-airbus-et-boeing-illustre-la-surdite-aux-alarmes-climatiques_6161766_3234.html
le monde,L’armée française veut muscler les capacités de résilience de la société,2023-02-14 13:00:00,https://www.lemonde.fr/international/article/2023/02/14/l-armee-francaise-veut-muscler-les-capacites-de-resilience-de-la-societe_6161772_3210.html
le monde,Banksy dévoile une œuvre sur les violences conjugales pour la Saint-Valentin,2023-02-14 14:04:00,https://www.lemonde.fr/culture/article/2023/02/14/banksy-devoile-une-uvre-sur-les-violences-conjugales-pour-la-saint-valentin_6161778_3246.html
le monde,Les coupures de gaz en plein hiver font grelotter les habitants du nord de la Chine,2023-02-14 16:00:00,https://www.lemonde.fr/planete/article/2023/02/14/les-coupures-de-gaz-en-plein-hiver-font-grelotter-les-habitants-du-nord-de-la-chine_6161793_3244.html
le monde,Paris 2024 : le grand silence des athlètes sur le possible retour des Russes et des Biélorusses,2023-02-14 17:00:00,https://www.lemonde.fr/sport/article/2023/02/14/paris-2024-le-grand-silence-des-athletes-sur-le-possible-retour-des-russes-et-des-bielorusses_6161799_3242.html
le monde,"A Madagascar, Andry Rajoelina face à un mécontentement grandissant",2023-02-14 18:00:00,https://www.lemonde.fr/afrique/article/2023/02/14/a-madagascar-andry-rajoelina-face-a-un-mecontentement-grandissant_6161809_3212.html
le monde,Guerre en Ukraine : « Pourquoi les usines de munitions d’Europe ne tournent-elles pas à plein régime ? »,2023-02-15 06:00:00,https://www.lemonde.fr/idees/article/2023/02/15/guerre-en-ukraine-pourquoi-les-usines-de-munitions-d-europe-ne-tournent-elles-pas-a-plein-regime_6161851_3232.html
le monde,"En Russie, six ans de prison pour une journaliste après un post sur Marioupol",2023-02-15 10:36:00,https://www.lemonde.fr/international/article/2023/02/15/en-russie-six-ans-de-prison-pour-une-journaliste-apres-un-post-sur-marioupol_6161887_3210.html
le monde,Les pays de l’OTAN négocient leurs futurs niveaux de dépenses de défense,2023-02-15 10:37:00,https://www.lemonde.fr/international/article/2023/02/15/les-pays-de-l-otan-negocient-leurs-futurs-niveaux-de-depenses-de-defense_6161888_3210.html
le monde,"En République tchèque, l’industrie de l’armement au secours de l’Ukraine tourne à plein régime",2023-02-15 11:00:00,https://www.lemonde.fr/international/article/2023/02/15/en-republique-tcheque-l-industrie-de-l-armement-au-secours-de-l-ukraine-tourne-a-plein-regime_6161892_3210.html
