id,content_id,city
1,2,Donetsk
2,2,Odessa
3,2,Kharkiv
4,2,Lviv
5,4,Kyiv
6,4,Kharkiv
7,4,Lviv
8,5,Donetsk
9,5,Kherson
10,5,Lyman
11,5,Melitopol
12,6,Irpin
13,7,Kherson
14,7,Kharkiv
15,8,Mariupol
16,9,Odessa
17,9,Kharkiv
18,10,Odessa
19,10,Kharkiv
20,11,Kharkiv
21,12,Kyiv
22,12,Kharkiv
23,12,Lviv
24,13,Sloviansk
25,13,Kharkiv
26,13,Lviv
27,15,Kharkiv
28,16,Kharkiv
29,16,Lviv
30,17,Sloviansk
31,17,Kharkiv
32,17,Rivne
33,17,Fontanka
34,18,Kharkiv
35,18,Lviv
36,18,Okhtyrka
37,20,Donetsk
38,20,Kherson
39,21,Kyiv
40,21,Kharkiv
41,22,Fastiv
42,23,Kherson
43,24,Odessa
44,24,Kharkiv
45,26,Kharkiv
46,26,Lyman
47,26,Lviv
48,27,Kherson
49,27,Kharkiv
50,29,Kharkiv
51,29,Lyman
52,30,Mariupol
53,30,Donetsk
54,30,Kharkiv
55,30,Lviv
56,31,Mariupol
57,31,Donetsk
58,31,Kherson
59,31,Odessa
60,31,Kharkiv
61,32,Kherson
62,32,Odessa
63,32,Kharkiv
64,32,Lviv
65,33,Kharkiv
66,33,Lyman
67,34,Kharkiv
68,34,Lviv
69,35,Kharkiv
70,36,Kharkiv
71,37,Sloviansk
72,37,Lviv
73,38,Kharkiv
74,39,Kherson
75,39,Odessa
76,39,Kharkiv
77,40,Kharkiv
78,41,Kharkiv
79,41,Poltava
80,42,Sloviansk
81,42,Kherson
82,42,Kharkiv
83,43,Sloviansk
84,43,Kharkiv
85,43,Kreminna
86,44,Kherson
87,45,Kherson
88,46,Kherson
89,46,Odessa
90,46,Kharkiv
91,47,Kherson
92,49,Kherson
93,49,Odessa
94,49,Kharkiv
95,50,Sloviansk
96,50,Kherson
97,50,Odessa
98,50,Kharkiv
99,50,Lviv
100,51,Odessa
101,52,Sloviansk
102,52,Odessa
103,52,Lyman
104,53,Odessa
105,53,Kharkiv
106,53,Lviv
107,56,Sloviansk
108,56,Kharkiv
109,56,Lyman
110,58,Kharkiv
111,60,Sloviansk
112,60,Kharkiv
113,60,Lyman
114,61,Kharkiv
115,61,Lyman
116,61,Irpin
117,62,Kharkiv
118,63,Kherson
119,64,Kharkiv
120,64,Lyman
121,64,Irpin
122,65,Kharkiv
123,66,Kharkiv
124,67,Donetsk
125,67,Kherson
126,67,Lyman
127,67,Melitopol
128,68,Donetsk
129,68,Kherson
130,68,Kharkiv
131,68,Lyman
132,69,Kharkiv
133,70,Kyiv
134,70,Kharkiv
135,70,Lviv
136,71,Sloviansk
137,71,Kherson
138,71,Kharkiv
139,72,Kharkiv
140,76,Kherson
141,76,Kharkiv
142,77,Kharkiv
143,79,Sloviansk
144,79,Kharkiv
145,80,Donetsk
146,80,Kherson
147,80,Kharkiv
148,80,Lviv
149,81,Sloviansk
150,81,Kherson
151,81,Melitopol
152,82,Kherson
153,82,Kharkiv
154,82,Melitopol
155,83,Odessa
156,84,Sloviansk
157,84,Melitopol
158,85,Kharkiv
159,86,Donetsk
160,86,Kherson
161,86,Kharkiv
162,86,Simferopol
163,86,Melitopol
164,87,Donetsk
165,87,Kherson
166,87,Kharkiv
167,87,Melitopol
168,88,Kherson
169,88,Korosten
170,91,Kyiv
171,91,Kharkiv
172,91,Lviv
173,91,Brovary
174,91,Irpin
175,93,Kherson
176,95,Kyiv
177,95,Kharkiv
178,96,Kyiv
179,96,Kherson
180,96,Kharkiv
181,96,Lviv
182,97,Drohobych
183,98,Kharkiv
184,100,Kherson
185,100,Melitopol
186,102,Kharkiv
187,103,Kherson
188,103,Kharkiv
189,103,Lviv
190,104,Kherson
191,104,Kharkiv
192,104,Lyman
193,105,Kherson
194,105,Kharkiv
195,106,Kherson
196,106,Kharkiv
197,106,Lyman
198,107,Kherson
199,107,Kharkiv
200,108,Kherson
201,108,Kharkiv
202,109,Kharkiv
203,111,Kharkiv
204,111,Lviv
205,112,Kharkiv
206,113,Kherson
207,114,Kherson
208,114,Kharkiv
209,115,Kharkiv
210,116,Kyiv
211,116,Donetsk
212,116,Sloviansk
213,116,Kherson
214,116,Odessa
215,116,Kharkiv
216,117,Kherson
217,117,Kharkiv
218,117,Lviv
219,119,Donetsk
220,119,Kherson
221,121,Kherson
222,122,Kherson
223,122,Kharkiv
224,122,Lyman
225,123,Kherson
226,123,Kharkiv
227,123,Lyman
228,124,Ternopil
229,124,Kherson
230,124,Kharkiv
231,124,Lyman
232,124,Lviv
233,125,Kherson
234,125,Kharkiv
235,126,Ternopil
236,126,Kharkiv
237,126,Lviv
238,127,Kyiv
239,127,Kherson
240,127,Lyman
241,128,Kherson
242,128,Kharkiv
243,128,Lyman
244,129,Kherson
245,129,Kharkiv
246,129,Lyman
247,130,Kherson
248,130,Lyman
249,131,Kherson
250,131,Kharkiv
251,131,Lyman
252,132,Donetsk
253,132,Kherson
254,132,Kharkiv
255,133,Odessa
256,133,Kharkiv
257,134,Sloviansk
258,134,Kherson
259,134,Kharkiv
260,135,Kharkiv
261,137,Kherson
262,137,Odessa
263,137,Kharkiv
264,137,Poltava
265,138,Donetsk
266,138,Kharkiv
267,138,Saky
268,140,Odessa
269,140,Kharkiv
270,141,Kherson
271,141,Kharkiv
272,141,Lviv
273,142,Kherson
274,142,Kharkiv
275,142,Lyman
276,143,Kherson
277,143,Kharkiv
278,144,Kherson
279,144,Kharkiv
280,145,Kyiv
281,145,Kherson
282,145,Lyman
283,145,Kreminna
284,146,Kyiv
285,146,Kharkiv
286,147,Kherson
287,147,Odessa
288,147,Kharkiv
289,147,Lviv
290,147,Kreminna
291,148,Kherson
292,148,Odessa
293,148,Kharkiv
294,148,Lviv
295,148,Kreminna
296,149,Kherson
297,149,Kharkiv
298,149,Kreminna
299,150,Kherson
300,151,Kherson
301,152,Kherson
302,152,Kreminna
303,153,Kyiv
304,153,Donetsk
305,153,Sloviansk
306,153,Kherson
307,153,Lviv
308,154,Donetsk
309,154,Kherson
310,154,Odessa
311,155,Sloviansk
312,155,Lviv
313,156,Sloviansk
314,156,Kherson
315,156,Kharkiv
316,156,Melitopol
317,157,Sloviansk
318,158,Kharkiv
319,159,Kherson
320,159,Kharkiv
321,160,Kherson
322,160,Odessa
323,160,Kharkiv
324,160,Kakhovka
325,161,Kherson
326,161,Kharkiv
327,162,Kherson
328,162,Kharkiv
329,162,Kakhovka
330,164,Kherson
331,164,Kharkiv
332,164,Lyman
333,164,Lviv
334,165,Donetsk
335,165,Kherson
336,165,Kakhovka
337,167,Kherson
338,167,Kakhovka
339,167,Kreminna
340,168,Kherson
341,170,Donetsk
342,170,Kherson
343,170,Lyman
344,170,Melitopol
345,171,Kherson
346,172,Kherson
347,172,Kharkiv
348,173,Kherson
349,175,Kherson
350,175,Odessa
351,175,Kharkiv
352,175,Lviv
353,175,Kreminna
354,176,Donetsk
355,176,Kherson
356,177,Sloviansk
357,177,Kherson
358,179,Kherson
359,179,Odessa
360,180,Kherson
361,180,Odessa
362,181,Kherson
363,181,Odessa
364,181,Kharkiv
365,181,Brovary
366,182,Odessa
367,182,Poltava
368,184,Kherson
369,185,Kherson
370,185,Kharkiv
371,185,Lyman
372,185,Lviv
373,186,Kherson
374,186,Odessa
375,187,Odessa
376,188,Kherson
377,189,Donetsk
378,189,Kharkiv
379,190,Brovary
380,191,Kherson
381,192,Kherson
382,192,Lviv
383,192,Rivne
384,193,Kherson
385,194,Brovary
386,195,Sloviansk
387,195,Kharkiv
388,195,Lyman
389,195,Rivne
390,195,Kreminna
391,196,Kherson
392,196,Kharkiv
393,197,Kherson
394,197,Kharkiv
395,197,Lviv
396,198,Kherson
397,198,Kharkiv
398,198,Lyman
399,199,Kyiv
400,199,Odessa
401,199,Kharkiv
402,199,Lviv
403,201,Kherson
404,201,Kharkiv
405,202,Kherson
406,202,Rivne
407,202,Melitopol
408,203,Kherson
409,203,Odessa
410,203,Lyman
411,203,Melitopol
412,204,Kherson
413,204,Odessa
414,205,Kherson
415,205,Kharkiv
416,205,Korosten
417,206,Kherson
418,206,Kharkiv
419,207,Sloviansk
420,207,Kherson
421,207,Odessa
422,207,Poltava
423,208,Kherson
424,208,Odessa
425,208,Kharkiv
426,209,Kherson
427,211,Kherson
428,211,Odessa
429,211,Lviv
430,212,Kherson
431,212,Kakhovka
432,213,Ternopil
433,213,Kherson
434,215,Kherson
435,216,Kherson
436,217,Kherson
437,218,Kherson
438,218,Lviv
439,218,Melitopol
440,219,Kherson
441,220,Kherson
442,220,Kakhovka
443,221,Kherson
444,222,Donetsk
445,222,Kherson
446,222,Smila
447,222,Kreminna
448,223,Kherson
449,223,Kakhovka
450,224,Sloviansk
451,224,Kherson
452,225,Kherson
453,225,Simferopol
454,226,Kherson
455,226,Kharkiv
456,227,Kherson
457,228,Kharkiv
458,230,Kherson
459,230,Odessa
460,230,Kharkiv
461,230,Kakhovka
462,231,Kherson
463,232,Kherson
464,233,Kherson
465,233,Odessa
466,233,Kakhovka
467,234,Kharkiv
468,235,Kherson
469,235,Kharkiv
470,236,Donetsk
471,236,Kharkiv
472,237,Kherson
473,237,Odessa
474,237,Kharkiv
475,237,Melitopol
476,238,Kyiv
477,238,Kherson
478,238,Kharkiv
479,239,Kherson
480,239,Kharkiv
481,240,Kherson
482,240,Kharkiv
483,240,Lviv
484,241,Sloviansk
485,241,Kharkiv
486,241,Lviv
487,242,Kherson
488,242,Kharkiv
489,243,Sloviansk
490,243,Kharkiv
491,244,Kherson
492,245,Lviv
493,246,Sloviansk
494,246,Kharkiv
495,246,Lviv
496,248,Kherson
497,249,Kharkiv
498,250,Donetsk
499,250,Sloviansk
500,250,Kherson
501,250,Kharkiv
502,251,Kherson
503,251,Lviv
504,252,Kherson
505,252,Kharkiv
506,253,Kherson
507,253,Kharkiv
508,253,Lviv
509,254,Sloviansk
510,254,Kherson
511,254,Kharkiv
512,255,Sloviansk
513,256,Donetsk
514,256,Sloviansk
515,256,Kherson
516,256,Kharkiv
517,257,Sloviansk
518,257,Odessa
519,257,Kharkiv
520,258,Sloviansk
521,259,Sloviansk
522,259,Kherson
523,259,Kharkiv
524,260,Donetsk
525,260,Sloviansk
526,260,Kherson
527,261,Kherson
528,261,Odessa
529,261,Kharkiv
530,262,Kherson
531,262,Kharkiv
532,262,Lviv
533,263,Kherson
534,263,Kharkiv
535,264,Kherson
536,264,Odessa
537,264,Kharkiv
538,264,Lviv
539,264,Kakhovka
540,265,Kharkiv
541,265,Berehove
542,266,Kherson
543,266,Saky
544,266,Kakhovka
545,267,Kherson
546,267,Lviv
547,267,Melitopol
548,268,Sloviansk
549,268,Kherson
550,268,Odessa
551,268,Kharkiv
552,268,Lviv
553,269,Kherson
554,269,Kharkiv
555,269,Saky
556,269,Kakhovka
557,270,Kherson
558,270,Odessa
559,271,Odessa
560,271,Kharkiv
561,271,Simferopol
562,271,Lviv
563,271,Saky
564,272,Kherson
565,272,Odessa
566,272,Kharkiv
567,272,Lviv
568,272,Kakhovka
569,273,Odessa
570,273,Kharkiv
571,273,Simferopol
572,273,Lviv
573,273,Saky
574,274,Ternopil
575,274,Sloviansk
576,274,Kherson
577,274,Kharkiv
578,274,Lviv
579,275,Odessa
580,275,Kharkiv
581,276,Kherson
582,276,Kharkiv
583,277,Kherson
584,277,Kharkiv
585,277,Lviv
586,277,Poltava
587,278,Kherson
588,278,Odessa
589,278,Kharkiv
590,278,Lviv
591,278,Poltava
592,279,Donetsk
593,279,Kharkiv
594,280,Sloviansk
595,280,Kherson
596,280,Odessa
597,280,Kharkiv
598,282,Kharkiv
599,283,Odessa
600,283,Kharkiv
601,284,Kherson
602,284,Kharkiv
603,285,Kherson
604,286,Ternopil
605,286,Kherson
606,287,Ternopil
607,287,Kherson
608,287,Kharkiv
609,288,Donetsk
610,288,Kherson
611,288,Smila
612,288,Kreminna
613,289,Kherson
614,289,Kakhovka
615,290,Kherson
616,290,Kakhovka
617,291,Kharkiv
618,292,Sloviansk
619,292,Kherson
620,292,Kharkiv
621,293,Kherson
622,293,Kharkiv
623,293,Rivne
624,293,Melitopol
625,294,Kherson
626,294,Rivne
627,295,Lviv
628,296,Kherson
629,297,Odessa
630,297,Kharkiv
631,297,Lviv
632,297,Irpin
633,299,Kherson
634,299,Odessa
635,299,Lviv
636,300,Kherson
637,302,Donetsk
638,302,Kherson
639,302,Kharkiv
640,302,Melitopol
641,303,Kyiv
642,303,Kherson
643,303,Kharkiv
644,303,Lviv
645,304,Irpin
646,305,Drohobych
647,307,Kyiv
648,307,Kharkiv
649,307,Lviv
650,307,Brovary
651,307,Irpin
652,308,Sloviansk
653,308,Melitopol
654,309,Kyiv
655,309,Kharkiv
656,309,Lviv
657,309,Irpin
658,310,Odessa
659,310,Kharkiv
660,311,Mariupol
661,311,Kharkiv
662,311,Kreminna
663,313,Kharkiv
664,314,Lviv
665,316,Kharkiv
666,317,Donetsk
667,317,Sloviansk
668,317,Kherson
669,317,Kharkiv
670,317,Brovary
671,318,Mariupol
672,318,Odessa
673,318,Kharkiv
674,318,Borodyanka
675,319,Lviv
676,320,Odessa
677,320,Kharkiv
678,322,Kherson
679,322,Kharkiv
680,322,Lviv
681,326,Kharkiv
682,333,Kharkiv
683,334,Kherson
684,334,Odessa
685,335,Kherson
686,337,Kharkiv
687,342,Kharkiv
688,343,Kherson
689,345,Kherson
690,345,Kharkiv
691,345,Horlivka
692,346,Kharkiv
693,346,Rivne
694,347,Kherson
695,347,Lyman
696,347,Kakhovka
697,348,Kherson
698,348,Kharkiv
699,348,Lviv
700,349,Tokmak
701,350,Kherson
702,353,Kharkiv
703,354,Kherson
704,354,Kharkiv
705,354,Lyman
706,354,Lviv
707,355,Lviv
708,356,Kherson
709,357,Lviv
710,360,Kherson
711,360,Odessa
712,360,Kharkiv
713,360,Lyman
714,360,Lviv
715,362,Donetsk
716,362,Kherson
717,362,Odessa
718,362,Poltava
719,363,Odessa
720,365,Kharkiv
721,365,Lyman
722,365,Lviv
723,366,Donetsk
724,366,Kherson
725,367,Kyiv
726,367,Kherson
727,367,Kharkiv
728,369,Kherson
729,369,Kharkiv
730,372,Kherson
731,372,Kharkiv
732,372,Lviv
733,373,Kherson
734,373,Kharkiv
735,376,Kyiv
736,376,Irpin
737,377,Kherson
738,377,Korosten
739,378,Kharkiv
740,380,Donetsk
741,380,Odessa
742,380,Kharkiv
743,380,Lviv
744,380,Melitopol
745,380,Okhtyrka
746,382,Lviv
747,385,Kyiv
748,385,Kherson
749,385,Kharkiv
750,385,Bucha
751,385,Irpin
752,386,Kharkiv
753,386,Irpin
754,387,Donetsk
755,387,Kherson
756,387,Kharkiv
757,387,Simferopol
758,387,Melitopol
759,389,Kharkiv
760,389,Poltava
761,390,Lviv
762,391,Sloviansk
763,391,Kherson
764,391,Melitopol
765,392,Kherson
766,392,Kharkiv
767,392,Melitopol
768,396,Donetsk
769,396,Kherson
770,396,Kharkiv
771,396,Lviv
772,397,Sloviansk
773,397,Kherson
774,397,Kharkiv
775,398,Kherson
776,398,Odessa
777,398,Kharkiv
778,399,Kherson
779,399,Kharkiv
780,402,Odessa
781,403,Sloviansk
782,403,Odessa
783,403,Lyman
784,404,Kherson
785,405,Odessa
786,405,Kharkiv
787,405,Lviv
788,407,Kherson
789,407,Kharkiv
790,409,Kharkiv
791,410,Odessa
792,411,Kherson
793,411,Odessa
794,411,Kharkiv
795,412,Kherson
796,413,Kherson
797,414,Sloviansk
798,414,Lviv
799,416,Kharkiv
800,417,Kherson
801,417,Odessa
802,417,Kharkiv
803,418,Sloviansk
804,418,Kharkiv
805,418,Lviv
806,419,Kharkiv
807,419,Lviv
808,420,Kharkiv
809,422,Kharkiv
810,423,Kharkiv
811,425,Kharkiv
812,425,Lviv
813,425,Okhtyrka
814,426,Donetsk
815,426,Kherson
816,426,Lyman
817,426,Melitopol
818,428,Kharkiv
819,428,Lviv
820,428,Kreminna
821,429,Odessa
822,429,Kharkiv
823,431,Mariupol
824,431,Kherson
825,431,Kharkiv
826,431,Melitopol
827,432,Kharkiv
828,433,Sloviansk
829,433,Kharkiv
830,433,Rivne
831,433,Fontanka
832,434,Mariupol
833,434,Kharkiv
834,434,Kreminna
835,435,Kharkiv
836,435,Lyman
837,436,Sloviansk
838,436,Kherson
839,436,Kharkiv
840,436,Brovary
841,436,Melitopol
842,437,Mariupol
843,440,Kyiv
844,440,Donetsk
845,440,Kherson
846,440,Kharkiv
847,441,Kharkiv
848,441,Lviv
849,441,Kreminna
850,444,Fastiv
851,445,Kherson
852,446,Odessa
853,446,Kharkiv
854,448,Poltava
855,448,Irpin
856,450,Kherson
857,450,Melitopol
858,451,Mariupol
859,451,Odessa
860,451,Kharkiv
861,451,Borodyanka
862,452,Kyiv
863,452,Kherson
864,452,Kharkiv
865,453,Kharkiv
866,455,Kharkiv
867,455,Lviv
868,456,Mariupol
869,456,Kharkiv
870,456,Kreminna
871,457,Kyiv
872,457,Kharkiv
873,457,Lviv
874,457,Irpin
875,459,Mariupol
876,459,Donetsk
877,459,Kherson
878,459,Odessa
879,459,Kharkiv
880,460,Kherson
881,460,Lviv
882,460,Rivne
883,461,Kherson
884,461,Kharkiv
885,463,Kharkiv
886,464,Sloviansk
887,464,Melitopol
888,465,Lviv
889,466,Odessa
890,466,Kharkiv
891,467,Mariupol
892,467,Odessa
893,467,Kharkiv
894,467,Borodyanka
895,468,Donetsk
896,468,Kherson
897,468,Kharkiv
898,468,Melitopol
899,469,Kyiv
900,469,Kherson
901,469,Kharkiv
902,471,Kharkiv
903,472,Donetsk
904,472,Odessa
905,472,Kharkiv
906,472,Lviv
907,472,Melitopol
908,472,Okhtyrka
909,475,Irpin
910,476,Mariupol
911,476,Kherson
912,476,Kharkiv
913,476,Melitopol
914,477,Kherson
915,477,Melitopol
916,479,Poltava
917,479,Irpin
918,481,Kyiv
919,481,Kherson
920,481,Kharkiv
921,481,Bucha
922,481,Irpin
923,482,Kharkiv
924,484,Kherson
925,484,Kharkiv
926,484,Lviv
927,486,Donetsk
928,487,Kherson
929,487,Korosten
930,488,Kharkiv
931,489,Kharkiv
932,490,Kharkiv
933,491,Kharkiv
934,492,Kherson
935,492,Odessa
936,492,Kharkiv
937,492,Poltava
938,493,Kharkiv
939,494,Donetsk
940,494,Sloviansk
941,494,Kherson
942,494,Kharkiv
943,495,Kherson
944,495,Kharkiv
945,495,Lyman
946,496,Kherson
947,496,Lviv
948,497,Kherson
949,497,Lviv
950,498,Sloviansk
951,499,Ternopil
952,499,Sloviansk
953,499,Kherson
954,499,Kharkiv
955,499,Lviv
956,500,Sloviansk
957,500,Kharkiv
958,501,Kherson
959,501,Odessa
960,502,Sloviansk
961,502,Kherson
962,502,Kharkiv
963,504,Kherson
964,504,Kharkiv
965,504,Lviv
966,505,Sloviansk
967,505,Kharkiv
968,506,Odessa
969,506,Kharkiv
970,507,Kharkiv
971,508,Sloviansk
972,508,Kherson
973,508,Kharkiv
974,510,Sloviansk
975,511,Sloviansk
976,511,Kharkiv
977,511,Kreminna
978,513,Sloviansk
979,514,Donetsk
980,514,Sloviansk
981,514,Kherson
982,514,Kharkiv
983,515,Sloviansk
984,515,Lviv
985,517,Kherson
986,517,Kharkiv
987,517,Lyman
988,517,Lviv
989,518,Kherson
990,519,Kherson
991,520,Kharkiv
992,521,Kharkiv
993,522,Kyiv
994,522,Donetsk
995,522,Sloviansk
996,522,Kherson
997,522,Odessa
998,522,Kharkiv
999,523,Donetsk
1000,523,Kherson
1001,523,Kakhovka
1002,525,Kherson
1003,525,Kakhovka
1004,525,Kreminna
1005,526,Kherson
1006,526,Lviv
1007,527,Kherson
1008,527,Simferopol
1009,529,Sloviansk
1010,529,Kherson
1011,530,Kherson
1012,530,Kharkiv
1013,530,Lyman
1014,531,Kharkiv
1015,531,Lviv
1016,532,Kherson
1017,533,Donetsk
1018,533,Kherson
1019,533,Kharkiv
1020,534,Kherson
1021,534,Kharkiv
1022,535,Kherson
1023,535,Kharkiv
1024,536,Kherson
1025,537,Kherson
1026,537,Kharkiv
1027,538,Kherson
1028,538,Odessa
1029,538,Kharkiv
1030,538,Lviv
1031,538,Poltava
1032,539,Sloviansk
1033,540,Kyiv
1034,540,Donetsk
1035,540,Sloviansk
1036,540,Kherson
1037,540,Lviv
1038,542,Kyiv
1039,542,Kherson
1040,542,Kharkiv
1041,543,Odessa
1042,543,Kharkiv
1043,544,Kherson
1044,544,Kharkiv
1045,544,Lviv
1046,544,Poltava
1047,545,Kherson
1048,545,Odessa
1049,545,Kharkiv
1050,545,Lviv
1051,545,Poltava
1052,546,Donetsk
1053,546,Kharkiv
1054,547,Sloviansk
1055,547,Kherson
1056,547,Kharkiv
1057,548,Kherson
1058,548,Odessa
1059,548,Kharkiv
1060,549,Kherson
1061,549,Kharkiv
1062,549,Lviv
1063,550,Odessa
1064,550,Kharkiv
1065,551,Donetsk
1066,551,Sloviansk
1067,551,Kherson
1068,551,Kharkiv
1069,552,Sloviansk
1070,552,Kherson
1071,552,Odessa
1072,552,Kharkiv
1073,553,Kherson
1074,553,Odessa
1075,553,Kharkiv
1076,554,Odessa
1077,554,Kharkiv
1078,555,Kharkiv
1079,558,Odessa
1080,559,Sloviansk
1081,559,Kharkiv
1082,559,Lviv
1083,560,Sloviansk
1084,560,Kharkiv
1085,560,Lyman
1086,561,Kharkiv
1087,561,Lyman
1088,561,Irpin
1089,562,Kherson
1090,564,Sloviansk
1091,564,Kharkiv
1092,564,Lyman
1093,564,Lviv
1094,565,Donetsk
1095,565,Kherson
1096,565,Kharkiv
1097,565,Lyman
1098,567,Sloviansk
1099,567,Melitopol
1100,568,Sloviansk
1101,568,Kherson
1102,568,Kharkiv
1103,569,Sloviansk
1104,569,Kharkiv
1105,570,Sloviansk
1106,570,Kharkiv
1107,570,Lyman
1108,571,Odessa
1109,572,Kharkiv
1110,573,Donetsk
1111,573,Kherson
1112,573,Kharkiv
1113,573,Simferopol
1114,573,Melitopol
1115,574,Sloviansk
1116,574,Kherson
1117,574,Odessa
1118,574,Poltava
1119,575,Kherson
1120,575,Odessa
1121,576,Kherson
1122,576,Odessa
1123,576,Kharkiv
1124,577,Kherson
1125,577,Kakhovka
1126,578,Kherson
1127,579,Kherson
1128,579,Odessa
1129,579,Kakhovka
1130,580,Kherson
1131,580,Odessa
1132,580,Kharkiv
1133,580,Kakhovka
1134,581,Kherson
1135,581,Kharkiv
1136,582,Kherson
1137,583,Mariupol
1138,583,Donetsk
1139,583,Kharkiv
1140,583,Lviv
1141,584,Kherson
1142,584,Kakhovka
1143,585,Kherson
1144,585,Kakhovka
1145,586,Donetsk
1146,586,Kherson
1147,586,Kakhovka
1148,588,Kherson
1149,588,Kharkiv
1150,588,Kakhovka
1151,589,Donetsk
1152,589,Kherson
1153,589,Lyman
1154,589,Melitopol
1155,590,Kherson
1156,590,Kakhovka
1157,591,Kherson
1158,591,Kharkiv
1159,592,Kherson
1160,593,Kherson
1161,594,Kharkiv
1162,594,Brovary
1163,595,Kherson
1164,596,Kherson
1165,596,Kharkiv
1166,596,Lyman
1167,597,Donetsk
1168,597,Kharkiv
1169,598,Kharkiv
1170,598,Brovary
1171,599,Ternopil
1172,599,Kherson
1173,599,Kharkiv
1174,600,Ternopil
1175,600,Kherson
1176,600,Kharkiv
1177,600,Cherkasy
1178,600,Chernihiv
1179,601,Kherson
1180,602,Ternopil
1181,602,Kherson
1182,603,Kherson
1183,605,Kherson
1184,606,Kherson
1185,607,Kherson
1186,608,Sloviansk
1187,608,Kharkiv
1188,608,Lyman
1189,608,Rivne
1190,608,Kreminna
1191,609,Brovary
1192,610,Kyiv
1193,610,Odessa
1194,610,Kharkiv
1195,610,Lviv
1196,611,Kherson
1197,611,Kharkiv
1198,612,Kherson
1199,613,Kherson
1200,613,Lviv
1201,613,Rivne
1202,614,Lviv
1203,615,Ternopil
1204,615,Kherson
1205,615,Odessa
1206,615,Kharkiv
1207,615,Rivne
1208,615,Kakhovka
1209,616,Kherson
1210,616,Kharkiv
1211,616,Rivne
1212,616,Melitopol
1213,617,Odessa
1214,617,Kharkiv
1215,617,Lviv
1216,617,Irpin
1217,620,Kherson
1218,620,Lyman
1219,620,Kakhovka
1220,621,Kherson
1221,621,Kharkiv
1222,621,Lviv
1223,622,Tokmak
1224,625,Odessa
1225,625,Kharkiv
1226,625,Lyman
1227,628,Kherson
1228,628,Odessa
1229,629,Kherson
1230,629,Odessa
1231,630,Kherson
1232,630,Melitopol
1233,631,Kherson
1234,632,Kherson
1235,635,Donetsk
1236,635,Kharkiv
1237,636,Kherson
1238,636,Odessa
1239,636,Kharkiv
1240,636,Brovary
1241,637,Odessa
1242,637,Poltava
1243,638,Kherson
1244,638,Odessa
1245,638,Kharkiv
1246,638,Lviv
1247,638,Kakhovka
1248,639,Kherson
1249,639,Saky
1250,639,Kakhovka
1251,640,Kyiv
1252,640,Kharkiv
1253,640,Saky
1254,642,Sloviansk
1255,642,Kherson
1256,642,Odessa
1257,642,Kharkiv
1258,642,Lviv
1259,643,Donetsk
1260,643,Sloviansk
1261,643,Kherson
1262,644,Kherson
1263,644,Odessa
1264,644,Kharkiv
1265,644,Melitopol
1266,645,Kyiv
1267,645,Kherson
1268,645,Kharkiv
1269,646,Kharkiv
1270,646,Lviv
1271,647,Kherson
1272,647,Kharkiv
1273,647,Saky
1274,647,Kakhovka
1275,648,Odessa
1276,648,Kharkiv
1277,648,Simferopol
1278,648,Lviv
1279,648,Saky
1280,649,Ternopil
1281,649,Sloviansk
1282,649,Kherson
1283,649,Kharkiv
1284,649,Lviv
1285,650,Kyiv
1286,650,Kharkiv
1287,650,Saky
1288,651,Kharkiv
1289,652,Sloviansk
1290,652,Kharkiv
1291,652,Lviv
1292,653,Donetsk
1293,653,Kharkiv
1294,654,Kherson
1295,654,Odessa
1296,654,Kharkiv
1297,655,Kherson
1298,655,Kharkiv
1299,656,Kherson
1300,656,Kharkiv
1301,656,Poltava
1302,656,Rivne
1303,656,Kakhovka
1304,657,Kherson
1305,659,Ternopil
1306,659,Kherson
1307,659,Kharkiv
1308,659,Lyman
1309,659,Lviv
1310,660,Donetsk
1311,660,Kherson
1312,661,Kherson
1313,661,Kharkiv
1314,661,Lviv
1315,662,Kherson
1316,662,Kakhovka
1317,663,Kharkiv
1318,664,Kherson
1319,664,Kharkiv
1320,664,Kakhovka
1321,665,Kherson
1322,665,Kakhovka
1323,666,Kyiv
1324,666,Kharkiv
1325,667,Kherson
1326,667,Odessa
1327,667,Lyman
1328,667,Melitopol
1329,668,Donetsk
1330,668,Kherson
1331,668,Kharkiv
1332,669,Kherson
1333,670,Kherson
1334,671,Kharkiv
1335,672,Kherson
1336,672,Kharkiv
1337,673,Kherson
1338,673,Odessa
1339,674,Kherson
1340,674,Melitopol
1341,675,Kherson
1342,675,Odessa
1343,677,Kherson
1344,677,Kharkiv
1345,677,Lyman
1346,678,Kherson
1347,678,Kharkiv
1348,679,Kyiv
1349,679,Kherson
1350,679,Lyman
1351,679,Kreminna
1352,680,Kherson
1353,680,Kharkiv
1354,681,Kherson
1355,682,Kherson
1356,682,Kharkiv
1357,683,Kherson
1358,685,Kherson
1359,686,Kherson
1360,686,Odessa
1361,686,Kharkiv
1362,686,Lviv
1363,686,Kreminna
1364,687,Donetsk
1365,687,Kherson
1366,688,Kherson
1367,690,Sloviansk
1368,690,Kherson
1369,691,Kherson
1370,691,Kharkiv
1371,692,Kharkiv
1372,693,Kherson
1373,693,Kharkiv
1374,695,Kherson
1375,695,Odessa
1376,697,Lviv
1377,697,Borova
1378,698,Kherson
1379,698,Kharkiv
1380,698,Lyman
1381,699,Kherson
1382,699,Kharkiv
1383,700,Kherson
1384,700,Kharkiv
1385,700,Lyman
1386,701,Kherson
1387,701,Kharkiv
1388,701,Lyman
1389,702,Kherson
1390,702,Lyman
1391,703,Kherson
1392,703,Kharkiv
1393,703,Lyman
1394,704,Kherson
1395,704,Kharkiv
1396,704,Lyman
1397,705,Kyiv
1398,706,Ternopil
1399,706,Kherson
1400,706,Kharkiv
1401,706,Lyman
1402,706,Lviv
1403,707,Ternopil
1404,707,Kharkiv
1405,707,Lviv
1406,708,Kherson
1407,708,Kharkiv
1408,709,Kyiv
1409,709,Kherson
1410,709,Lyman
1411,710,Kherson
1412,712,Kherson
1413,713,Kharkiv
1414,715,Kharkiv
1415,716,Kharkiv
1416,717,Brovary
1417,717,Kreminna
1418,718,Lviv
1419,723,Kharkiv
1420,727,Kharkiv
1421,730,Kharkiv
1422,732,Kherson
1423,732,Kharkiv
1424,732,Lviv
1425,733,Sloviansk
1426,733,Melitopol
1427,735,Lviv
1428,737,Kharkiv
1429,741,Irpin
1430,743,Kharkiv
1431,744,Kharkiv
1432,746,Kherson
1433,746,Odessa
1434,746,Kharkiv
1435,747,Kharkiv
1436,748,Kharkiv
1437,749,Kyiv
1438,749,Kharkiv
1439,749,Lviv
1440,751,Kharkiv
1441,751,Lviv
1442,751,Okhtyrka
1443,752,Sloviansk
1444,752,Kharkiv
1445,752,Lviv
1446,754,Sloviansk
1447,754,Kharkiv
1448,754,Lyman
1449,755,Sloviansk
1450,755,Kharkiv
1451,755,Lyman
1452,756,Kharkiv
1453,756,Lyman
1454,756,Irpin
1455,757,Sloviansk
1456,757,Kharkiv
1457,757,Lyman
1458,757,Lviv
1459,758,Kharkiv
1460,760,Kharkiv
1461,760,Lviv
1462,761,Kharkiv
1463,762,Sloviansk
1464,762,Kherson
1465,762,Kharkiv
1466,762,Brovary
1467,762,Melitopol
1468,763,Kharkiv
1469,764,Sloviansk
1470,764,Kharkiv
1471,765,Odessa
1472,767,Kherson
1473,768,Kherson
1474,768,Odessa
1475,768,Kharkiv
1476,771,Sloviansk
1477,772,Kyiv
1478,772,Donetsk
1479,772,Sloviansk
1480,772,Kherson
1481,772,Lviv
1482,773,Kherson
1483,774,Kyiv
1484,774,Kherson
1485,774,Kharkiv
1486,775,Sloviansk
1487,775,Kherson
1488,775,Kharkiv
1489,776,Sloviansk
1490,776,Kharkiv
1491,776,Kreminna
1492,777,Kherson
1493,777,Kharkiv
1494,778,Sloviansk
1495,778,Lviv
1496,779,Kherson
1497,779,Odessa
1498,779,Kharkiv
1499,780,Kherson
1500,780,Kharkiv
1501,781,Sloviansk
1502,781,Lviv
1503,782,Kharkiv
1504,783,Kharkiv
1505,785,Sloviansk
1506,785,Kherson
1507,785,Melitopol
1508,786,Donetsk
1509,786,Kherson
1510,786,Kharkiv
1511,786,Simferopol
1512,786,Melitopol
1513,787,Lviv
1514,788,Sloviansk
1515,788,Kherson
1516,788,Kharkiv
1517,789,Sloviansk
1518,789,Kharkiv
1519,789,Lyman
1520,790,Kherson
1521,793,Kherson
1522,793,Kharkiv
1523,794,Kherson
1524,794,Kharkiv
1525,795,Kharkiv
1526,798,Sloviansk
1527,798,Kherson
1528,798,Kharkiv
1529,800,Kharkiv
1530,803,Mariupol
1531,804,Kharkiv
1532,804,Lyman
1533,805,Sloviansk
1534,805,Kherson
1535,805,Kharkiv
1536,805,Brovary
1537,805,Melitopol
1538,808,Irpin
1539,810,Odessa
1540,810,Kharkiv
1541,810,Lviv
1542,811,Kherson
1543,811,Kharkiv
1544,812,Sloviansk
1545,812,Kherson
1546,812,Odessa
1547,812,Kharkiv
1548,812,Lviv
1549,813,Sloviansk
1550,813,Odessa
1551,813,Lyman
1552,815,Kharkiv
1553,816,Kherson
1554,816,Odessa
1555,816,Kharkiv
1556,818,Sloviansk
1557,818,Kharkiv
1558,818,Lyman
1559,819,Kharkiv
1560,819,Lyman
1561,819,Irpin
1562,820,Sloviansk
1563,820,Kharkiv
1564,820,Lviv
1565,821,Donetsk
1566,821,Kherson
1567,821,Odessa
1568,821,Poltava
1569,822,Kherson
1570,822,Odessa
1571,822,Kharkiv
1572,822,Lyman
1573,822,Lviv
1574,823,Odessa
1575,823,Kharkiv
1576,824,Mariupol
1577,824,Donetsk
1578,824,Kherson
1579,824,Odessa
1580,824,Kharkiv
1581,825,Kherson
1582,825,Lviv
1583,825,Rivne
1584,826,Kyiv
1585,826,Kharkiv
1586,827,Kherson
1587,829,Kherson
1588,829,Odessa
1589,829,Kharkiv
1590,829,Lviv
1591,832,Sloviansk
1592,832,Melitopol
1593,833,Kharkiv
1594,834,Sloviansk
1595,834,Kharkiv
1596,834,Rivne
1597,834,Fontanka
1598,836,Odessa
1599,836,Kharkiv
1600,838,Lviv
1601,839,Irpin
1602,840,Donetsk
1603,841,Odessa
1604,841,Kharkiv
1605,842,Kherson
1606,842,Odessa
1607,842,Kharkiv
1608,842,Lyman
1609,842,Lviv
1610,843,Kyiv
1611,843,Kharkiv
1612,844,Fastiv
1613,845,Kherson
1614,846,Kharkiv
1615,846,Lyman
1616,846,Lviv
1617,847,Donetsk
1618,847,Kherson
1619,848,Kharkiv
1620,848,Lviv
1621,848,Kreminna
1622,851,Kharkiv
1623,855,Kyiv
1624,855,Kharkiv
1625,857,Kherson
1626,857,Kharkiv
1627,858,Kyiv
1628,858,Kherson
1629,858,Kharkiv
1630,858,Bucha
1631,858,Irpin
1632,859,Donetsk
1633,860,Kherson
1634,860,Korosten
1635,861,Kharkiv
1636,862,Kyiv
1637,862,Kherson
1638,862,Kharkiv
1639,862,Lviv
1640,863,Kherson
1641,863,Kharkiv
1642,863,Lviv
1643,866,Sloviansk
1644,866,Kharkiv
1645,867,Sloviansk
1646,867,Kharkiv
1647,868,Kherson
1648,870,Sloviansk
1649,871,Sloviansk
1650,871,Odessa
1651,871,Kharkiv
1652,872,Kherson
1653,872,Kharkiv
1654,873,Kharkiv
1655,875,Donetsk
1656,875,Kherson
1657,875,Odessa
1658,876,Sloviansk
1659,876,Lviv
1660,877,Sloviansk
1661,877,Kherson
1662,877,Kharkiv
1663,877,Melitopol
1664,878,Kherson
1665,878,Odessa
1666,878,Kharkiv
1667,878,Lviv
1668,878,Poltava
1669,879,Sloviansk
1670,879,Kherson
1671,879,Odessa
1672,879,Kharkiv
1673,880,Kherson
1674,880,Odessa
1675,880,Kharkiv
1676,881,Donetsk
1677,881,Sloviansk
1678,881,Kherson
1679,882,Kherson
1680,882,Odessa
1681,882,Kharkiv
1682,883,Donetsk
1683,883,Sloviansk
1684,883,Kherson
1685,883,Kharkiv
1686,884,Kherson
1687,884,Kharkiv
1688,884,Lviv
1689,885,Odessa
1690,885,Kharkiv
1691,886,Odessa
1692,886,Kharkiv
1693,887,Kherson
1694,887,Odessa
1695,887,Kharkiv
1696,888,Donetsk
1697,888,Kharkiv
1698,889,Kyiv
1699,889,Kherson
1700,889,Kharkiv
1701,890,Kharkiv
1702,890,Lviv
1703,891,Kherson
1704,891,Kharkiv
1705,891,Saky
1706,891,Kakhovka
1707,892,Kherson
1708,892,Kharkiv
1709,893,Donetsk
1710,893,Kharkiv
1711,893,Saky
1712,894,Kharkiv
1713,895,Kherson
1714,895,Lviv
1715,897,Kherson
1716,897,Lviv
1717,898,Kherson
1718,898,Kharkiv
1719,899,Sloviansk
1720,899,Kharkiv
1721,900,Kherson
1722,900,Odessa
1723,901,Sloviansk
1724,901,Kherson
1725,901,Kharkiv
1726,902,Odessa
1727,902,Kharkiv
1728,902,Simferopol
1729,902,Lviv
1730,902,Saky
1731,903,Sloviansk
1732,904,Ternopil
1733,904,Kharkiv
1734,904,Lviv
1735,905,Kherson
1736,905,Kharkiv
1737,905,Lyman
1738,906,Kyiv
1739,907,Kyiv
1740,907,Kherson
1741,907,Lyman
1742,909,Kherson
1743,909,Kharkiv
1744,911,Donetsk
1745,911,Kherson
1746,911,Kharkiv
1747,912,Kherson
1748,912,Kharkiv
1749,912,Lyman
1750,913,Sloviansk
1751,913,Kherson
1752,913,Kharkiv
1753,914,Kherson
1754,914,Kharkiv
1755,914,Lviv
1756,915,Kherson
1757,915,Odessa
1758,916,Kharkiv
1759,916,Berehove
1760,917,Kharkiv
1761,918,Kyiv
1762,918,Kharkiv
1763,918,Saky
1764,921,Kharkiv
1765,922,Kharkiv
1766,923,Donetsk
1767,923,Sloviansk
1768,923,Kherson
1769,923,Kharkiv
1770,924,Kharkiv
1771,925,Kherson
1772,925,Odessa
1773,925,Kharkiv
1774,925,Poltava
1775,926,Sloviansk
1776,926,Kherson
1777,926,Kharkiv
1778,927,Kherson
1779,927,Kharkiv
1780,927,Lyman
1781,928,Odessa
1782,928,Kharkiv
1783,930,Kherson
1784,930,Kharkiv
1785,931,Kherson
1786,931,Kharkiv
1787,932,Donetsk
1788,932,Kherson
1789,932,Kharkiv
1790,933,Kharkiv
1791,934,Lviv
1792,934,Borova
1793,935,Kherson
1794,935,Kharkiv
1795,936,Kherson
1796,936,Kharkiv
1797,936,Lyman
1798,937,Kherson
1799,938,Kherson
1800,938,Kharkiv
1801,938,Lyman
1802,939,Kherson
1803,939,Kharkiv
1804,940,Kherson
1805,940,Kakhovka
1806,941,Sloviansk
1807,941,Kherson
1808,941,Kharkiv
1809,942,Kherson
1810,942,Kharkiv
1811,942,Kakhovka
1812,943,Kharkiv
1813,944,Donetsk
1814,944,Kherson
1815,945,Kherson
1816,945,Kharkiv
1817,945,Lyman
1818,946,Kherson
1819,947,Lviv
1820,948,Ternopil
1821,948,Kherson
1822,949,Ternopil
1823,949,Kherson
1824,949,Kharkiv
1825,949,Cherkasy
1826,949,Chernihiv
1827,950,Kherson
1828,950,Lviv
1829,950,Melitopol
1830,952,Kherson
1831,954,Kherson
1832,954,Kharkiv
1833,954,Poltava
1834,954,Rivne
1835,954,Kakhovka
1836,955,Donetsk
1837,955,Kherson
1838,955,Smila
1839,955,Kreminna
1840,956,Kherson
1841,956,Rivne
1842,957,Kherson
1843,958,Ternopil
1844,958,Kherson
1845,958,Kharkiv
1846,959,Odessa
1847,959,Kharkiv
1848,959,Lviv
1849,959,Irpin
1850,960,Kherson
1851,960,Odessa
1852,960,Lviv
1853,961,Kherson
1854,961,Kharkiv
1855,961,Rivne
1856,961,Melitopol
1857,962,Kherson
1858,963,Kherson
1859,963,Kharkiv
1860,964,Kherson
1861,964,Kharkiv
1862,965,Kherson
1863,967,Kherson
1864,967,Kakhovka
1865,968,Kherson
1866,968,Kakhovka
1867,969,Kherson
1868,969,Kharkiv
1869,969,Kakhovka
1870,970,Donetsk
1871,970,Kherson
1872,970,Lyman
1873,970,Melitopol
1874,971,Kyiv
1875,971,Odessa
1876,971,Kharkiv
1877,971,Lviv
1878,972,Kherson
1879,973,Donetsk
1880,973,Kherson
1881,974,Kyiv
1882,974,Kharkiv
1883,975,Kherson
1884,975,Odessa
1885,975,Kharkiv
1886,975,Lviv
1887,975,Kreminna
1888,976,Kherson
1889,976,Odessa
1890,976,Kharkiv
1891,976,Lviv
1892,976,Kreminna
1893,977,Donetsk
1894,977,Kherson
1895,977,Kharkiv
1896,978,Kherson
1897,979,Kherson
1898,981,Sloviansk
1899,981,Kherson
1900,982,Kherson
1901,982,Odessa
1902,983,Sloviansk
1903,983,Kharkiv
1904,983,Lyman
1905,983,Rivne
1906,983,Kreminna
1907,985,Kherson
1908,985,Kharkiv
1909,985,Lviv
1910,986,Kherson
1911,986,Odessa
1912,987,Kharkiv
1913,988,Kherson
1914,988,Kharkiv
1915,989,Kherson
1916,989,Odessa
1917,990,Kherson
1918,990,Rivne
1919,990,Melitopol
1920,991,Kherson
1921,991,Kharkiv
1922,992,Kherson
1923,992,Odessa
1924,993,Kherson
1925,993,Odessa
1926,994,Kherson
1927,994,Kharkiv
1928,994,Korosten
1929,995,Kherson
1930,996,Kherson
1931,997,Kherson
1932,997,Kharkiv
1933,997,Lyman
1934,999,Kherson
1935,999,Kreminna
1936,1000,Sloviansk
1937,1000,Kherson
1938,1001,Kherson
1939,1003,Kherson
1940,1003,Simferopol
1941,1004,Kherson
1942,1004,Lviv
1943,1004,Melitopol
1944,1005,Kherson
1945,1005,Kharkiv
1946,1006,Kharkiv
1947,1007,Donetsk
1948,1007,Kherson
1949,1007,Kakhovka
1950,1008,Kherson
1951,1008,Kakhovka
1952,1008,Kreminna
1953,1010,Kherson
1954,1011,Kherson
1955,1011,Odessa
1956,1011,Kharkiv
1957,1011,Kakhovka
1958,1012,Kherson
1959,1012,Kharkiv
1960,1013,Ternopil
1961,1013,Kherson
1962,1014,Kherson
1963,1016,Kherson
1964,1016,Odessa
1965,1016,Kakhovka
1966,1017,Kherson
1967,1018,Kherson
1968,1018,Odessa
1969,1018,Kharkiv
1970,1018,Brovary
1971,1019,Kherson
1972,1019,Kharkiv
1973,1020,Odessa
1974,1020,Poltava
1975,1022,Kherson
1976,1023,Donetsk
1977,1023,Kharkiv
1978,1024,Sloviansk
1979,1024,Kharkiv
1980,1025,Kherson
1981,1025,Melitopol
1982,1026,Kharkiv
1983,1027,Odessa
1984,1028,Kherson
1985,1029,Kherson
1986,1032,Brovary
1987,1033,Kherson
1988,1035,Kherson
1989,1035,Lyman
1990,1035,Kakhovka
1991,1036,Kherson
1992,1036,Kharkiv
1993,1036,Lviv
1994,1039,Odessa
1995,1039,Kharkiv
1996,1039,Lyman
1997,1041,Kherson
1998,1041,Odessa
1999,1044,Kharkiv
2000,1044,Rivne
2001,1048,Lviv
2002,1049,Kharkiv
2003,1050,Kharkiv
2004,1050,Lviv
2005,1052,Brovary
2006,1052,Kreminna
2007,1053,Kharkiv
2008,1054,Kharkiv
2009,1054,Lyman
2010,1055,Kherson
2011,1056,Kharkiv
2012,1056,Lviv
2013,1059,Kherson
2014,1060,Kherson
2015,1060,Kharkiv
2016,1060,Lyman
2017,1060,Lviv
2018,1061,Lviv
2019,1062,Lviv
2020,1073,Odessa
2021,1077,Lviv
2022,1089,Kherson
2023,1102,Kharkiv
2024,1115,Lviv
2025,1125,Kharkiv
2026,1129,Lviv
2027,1130,Donetsk
2028,1135,Kharkiv
2029,1138,Kharkiv
2030,1138,Lviv
2031,1140,Simferopol
2032,1141,Simferopol
2033,1142,Kharkiv
2034,1143,Simferopol
2035,1145,Kherson
2036,1145,Simferopol
2037,1146,Donetsk
2038,1146,Sloviansk
2039,1146,Odessa
2040,1146,Kharkiv
2041,1151,Odessa
2042,1151,Kharkiv
2043,1154,Donetsk
2044,1154,Sloviansk
2045,1154,Odessa
2046,1154,Kharkiv
2047,1158,Donetsk
2048,1158,Kharkiv
2049,1159,Kharkiv
2050,1163,Simferopol
2051,1169,Simferopol
2052,1170,Lviv
2053,1172,Lviv
2054,1173,Lviv
2055,1189,Odessa
2056,1192,Donetsk
2057,1193,Donetsk
2058,1195,Odessa
2059,1199,Donetsk
2060,1199,Horlivka
2061,1422,Kharkiv
2062,1438,Kharkiv
2063,1449,Odessa
2064,1453,Lviv
2065,1490,Simferopol
2066,1505,Kyiv
2067,1505,Odessa
2068,1519,Kherson
2069,1554,Kharkiv
2070,1594,Lviv
2071,1655,Yalta
2072,1670,Kharkiv
2073,1715,Kharkiv
2074,1802,Lviv
2075,1828,Donetsk
2076,1845,Donetsk
2077,1848,Donetsk
2078,1850,Donetsk
2079,1850,Odessa
2080,1854,Donetsk
2081,1858,Donetsk
2082,1860,Donetsk
2083,1861,Donetsk
2084,1863,Donetsk
2085,1864,Donetsk
2086,1875,Donetsk
2087,1878,Donetsk
2088,1885,Donetsk
2089,1888,Donetsk
2090,1894,Lviv
2091,1902,Donetsk
2092,1913,Kyiv
2093,1913,Kharkiv
2094,1917,Kharkiv
2095,1919,Odessa
2096,1923,Ternopil
2097,1940,Lviv
2098,1992,Kharkiv
2099,2004,Kharkiv
2100,2025,Kherson
2101,2025,Kharkiv
2102,2027,Donetsk
2103,2028,Kharkiv
2104,2030,Kharkiv
2105,2031,Kharkiv
2106,2033,Kharkiv
2107,2035,Kharkiv
2108,2036,Kharkiv
2109,2037,Kherson
2110,2037,Kharkiv
2111,2040,Kharkiv
2112,2040,Lviv
2113,2042,Kharkiv
2114,2045,Kharkiv
2115,2048,Kharkiv
2116,2055,Lviv
2117,2063,Kharkiv
2118,2076,Kharkiv
2119,2077,Kharkiv
2120,2086,Odessa
2121,2086,Lviv
2122,2100,Kharkiv
2123,2104,Kharkiv
2124,2104,Lviv
2125,2115,Kharkiv
2126,2124,Kharkiv
2127,2124,Melitopol
2128,2126,Lviv
2129,2132,Kyiv
2130,2135,Kharkiv
2131,2136,Kherson
2132,2136,Kharkiv
2133,2137,Kharkiv
2134,2139,Kharkiv
2135,2140,Kharkiv
2136,2143,Kharkiv
2137,2144,Kharkiv
2138,2147,Kharkiv
2139,2148,Kharkiv
2140,2149,Kharkiv
2141,2150,Kharkiv
2142,2151,Kharkiv
2143,2159,Ternopil
2144,2163,Kharkiv
2145,2167,Kharkiv
2146,2170,Odessa
2147,2170,Kharkiv
2148,2170,Lviv
2149,2171,Kharkiv
2150,2172,Kharkiv
2151,2173,Kharkiv
2152,2173,Lviv
2153,2178,Yalta
2154,2185,Kharkiv
2155,2190,Kharkiv
2156,2192,Kharkiv
2157,2197,Kharkiv
2158,2198,Kherson
2159,2198,Kharkiv
2160,2199,Kherson
2161,2214,Kherson
2162,2214,Kharkiv
2163,2226,Kherson
2164,2226,Kharkiv
2165,2226,Brovary
2166,2240,Buchach
2167,2249,Kharkiv
2168,2257,Lviv
2169,2264,Lviv
2170,2267,Kyiv
2171,2274,Odessa
2172,2274,Kharkiv
2173,2281,Kherson
2174,2281,Melitopol
2175,2292,Odessa
2176,2302,Kharkiv
2177,2317,Kherson
2178,2332,Kharkiv
2179,2336,Lviv
2180,2343,Kyiv
2181,2359,Kharkiv
2182,2365,Kharkiv
2183,2370,Kyiv
2184,2370,Kharkiv
2185,2370,Irpin
2186,2373,Kharkiv
2187,2376,Yalta
2188,2381,Irpin
2189,2388,Kharkiv
2190,2397,Kharkiv
2191,2403,Kherson
2192,2410,Irpin
2193,2424,Kharkiv
2194,2445,Irpin
2195,2447,Odessa
2196,2454,Kharkiv
2197,2465,Kherson
2198,2475,Lviv
2199,2476,Odessa
2200,2486,Kharkiv
2201,2497,Chernihiv
2202,2509,Kharkiv
2203,2515,Lviv
2204,2517,Irpin
2205,2540,Lviv
2206,2556,Odessa
2207,2559,Kharkiv
2208,2562,Kharkiv
2209,2580,Lviv
2210,2582,Lviv
2211,2596,Kharkiv
2212,2598,Kharkiv
2213,2612,Melitopol
2214,2619,Odessa
2215,2622,Donetsk
2216,2632,Kharkiv
2217,2645,Lviv
2218,2651,Irpin
2219,2662,Kharkiv
2220,2678,Kherson
2221,2678,Kharkiv
2222,2680,Odessa
2223,2680,Kharkiv
2224,2688,Kharkiv
2225,2689,Odessa
2226,2697,Kharkiv
2227,2723,Kyiv
2228,2737,Kyiv
2229,2737,Kherson
2230,2737,Kharkiv
2231,2738,Odessa
2232,2748,Odessa
2233,2755,Kherson
2234,2757,Kharkiv
2235,2757,Irpin
2236,2771,Kharkiv
2237,2771,Lviv
2238,2791,Lviv
2239,2791,Drohobych
2240,2796,Korosten
2241,2807,Kherson
2242,2807,Odessa
2243,2807,Kharkiv
2244,2820,Donetsk
2245,2847,Kharkiv
2246,2847,Irpin
2247,2847,Korosten
2248,2863,Kharkiv
2249,2872,Kherson
2250,2873,Kherson
2251,2873,Melitopol
2252,2884,Lviv
2253,2886,Kharkiv
2254,2894,Lviv
2255,2898,Kherson
2256,2917,Donetsk
2257,2924,Kharkiv
2258,2932,Irpin
2259,2938,Lviv
2260,2945,Odessa
2261,2961,Odessa
2262,2961,Lviv
2263,2968,Lviv
2264,2984,Kharkiv
2265,2991,Kharkiv
2266,3017,Pokrov
2267,3022,Kherson
2268,3033,Pokrov
2269,3039,Kharkiv
2270,3039,Melitopol
2271,3043,Kharkiv
2272,3044,Kharkiv
2273,3047,Kyiv
2274,3057,Brovary
2275,3073,Donetsk
2276,3076,Lviv
2277,3076,Irpin
2278,3090,Brovary
2279,3094,Odessa
2280,3094,Kharkiv
2281,3096,Irpin
2282,3097,Kharkiv
2283,3097,Lviv
2284,3099,Melitopol
2285,3103,Irpin
2286,3106,Kherson
2287,3106,Odessa
2288,3106,Kharkiv
2289,3113,Lviv
2290,3121,Lviv
2291,3144,Yalta
2292,3147,Kharkiv
2293,3152,Kherson
2294,3161,Kherson
2295,3179,Lviv
2296,3189,Kharkiv
2297,3191,Kharkiv
2298,3192,Kharkiv
2299,3192,Melitopol
2300,3204,Odessa
2301,3245,Kharkiv
2302,3259,Odessa
2303,3259,Melitopol
2304,3278,Odessa
2305,3285,Kherson
2306,3319,Kharkiv
2307,3319,Irpin
2308,3322,Lviv
2309,3325,Kherson
2310,3325,Odessa
2311,3341,Kharkiv
2312,3344,Odessa
2313,3362,Kharkiv
2314,3384,Odessa
2315,3384,Kharkiv
2316,3386,Kharkiv
2317,3386,Melitopol
2318,3400,Melitopol
2319,3427,Odessa
2320,3427,Kharkiv
2321,3447,Sloviansk
2322,3447,Kharkiv
2323,3454,Kharkiv
2324,3459,Irpin
2325,3492,Kharkiv
2326,3499,Lviv
2327,3505,Lviv
2328,3507,Kharkiv
2329,3517,Odessa
2330,3538,Donetsk
2331,3538,Sloviansk
2332,3553,Bucha
2333,3583,Kharkiv
2334,3617,Lviv
2335,3623,Kharkiv
2336,3628,Sloviansk
2337,3631,Sloviansk
2338,3631,Kherson
2339,3637,Bucha
2340,3649,Kharkiv
2341,3654,Sloviansk
2342,3654,Lviv
2343,3666,Kharkiv
2344,3682,Kharkiv
2345,3684,Kharkiv
2346,3708,Kharkiv
2347,3708,Lviv
2348,3719,Kherson
2349,3719,Melitopol
2350,3758,Yalta
2351,3766,Kharkiv
2352,3766,Brovary
2353,3813,Odessa
2354,3813,Lviv
2355,3821,Kherson
2356,3821,Kharkiv
2357,3822,Kharkiv
2358,3837,Kharkiv
2359,3844,Odessa
2360,3844,Kharkiv
2361,3855,Kharkiv
2362,3855,Lviv
2363,3855,Kreminna
2364,3878,Kharkiv
2365,3898,Kharkiv
2366,3949,Kharkiv
2367,3949,Lviv
2368,3965,Kharkiv
2369,3968,Kherson
2370,3970,Odessa
2371,3971,Odessa
2372,3973,Kharkiv
2373,3978,Odessa
2374,3983,Odessa
2375,3990,Odessa
2376,4037,Kherson
2377,4037,Kharkiv
2378,4037,Lviv
2379,4037,Irpin
2380,4038,Sloviansk
2381,4039,Lviv
2382,4094,Kherson
2383,4094,Kharkiv
2384,4094,Lyman
2385,4094,Irpin
2386,4110,Odessa
2387,4110,Lviv
2388,4114,Kharkiv
2389,4120,Lviv
2390,4124,Kharkiv
2391,4124,Lyman
2392,4126,Odessa
2393,4145,Donetsk
2394,4145,Sloviansk
2395,4145,Kherson
2396,4145,Kharkiv
2397,4153,Kharkiv
2398,4153,Korosten
2399,4170,Odessa
2400,4170,Lyman
2401,4170,Lviv
2402,4171,Lviv
2403,4242,Odessa
2404,4242,Lviv
2405,4243,Lviv
2406,4271,Kherson
2407,4271,Odessa
2408,4271,Kharkiv
2409,4271,Lyman
2410,4303,Lviv
2411,4303,Yalta
2412,4343,Kharkiv
2413,4365,Odessa
2414,4365,Kharkiv
2415,4365,Lviv
2416,4377,Kharkiv
2417,4392,Odessa
2418,4415,Kharkiv
2419,4431,Kharkiv
2420,4488,Kharkiv
2421,4509,Odessa
2422,4512,Kharkiv
2423,4528,Kharkiv
2424,4529,Odessa
2425,4537,Odessa
2426,4541,Sloviansk
2427,4541,Lyman
2428,4571,Donetsk
2429,4580,Lviv
2430,4580,Pavlohrad
2431,4586,Pokrov
2432,4588,Kharkiv
2433,4605,Odessa
2434,4614,Odessa
2435,4618,Kherson
2436,4623,Kherson
2437,4656,Kharkiv
2438,4666,Kharkiv
2439,4666,Lviv
2440,4673,Sloviansk
2441,4673,Kharkiv
2442,4673,Lyman
2443,4685,Donetsk
2444,4685,Sloviansk
2445,4706,Donetsk
2446,4713,Sloviansk
2447,4713,Lyman
2448,4716,Odessa
2449,4756,Sloviansk
2450,4756,Lviv
2451,4789,Kherson
2452,4792,Donetsk
2453,4806,Kherson
2454,4810,Sloviansk
2455,4810,Kharkiv
2456,4814,Kherson
2457,4817,Odessa
2458,4829,Kherson
2459,4829,Odessa
2460,4869,Odessa
2461,4870,Kharkiv
2462,4875,Kyiv
2463,4875,Kherson
2464,4875,Kharkiv
2465,4884,Kharkiv
2466,4885,Lviv
2467,4943,Sloviansk
2468,4988,Kharkiv
2469,5013,Kharkiv
2470,5023,Kharkiv
2471,5026,Kherson
2472,5033,Odessa
2473,5058,Odessa
2474,5070,Kharkiv
2475,5075,Kherson
2476,5075,Melitopol
2477,5130,Donetsk
2478,5131,Odessa
2479,5138,Kherson
2480,5140,Lviv
2481,5191,Odessa
2482,5191,Lviv
2483,5194,Kharkiv
2484,5194,Lviv
2485,5207,Sloviansk
2486,5207,Kherson
2487,5207,Kharkiv
2488,5207,Melitopol
2489,5212,Kharkiv
2490,5217,Kharkiv
2491,5226,Sloviansk
2492,5237,Kherson
2493,5255,Sloviansk
2494,5270,Kherson
2495,5270,Odessa
2496,5297,Lviv
2497,5310,Kharkiv
2498,5317,Kharkiv
2499,5334,Kherson
2500,5346,Kharkiv
2501,5382,Sloviansk
2502,5382,Kherson
2503,5411,Ternopil
2504,5421,Kyiv
2505,5449,Kherson
2506,5494,Odessa
2507,5496,Odessa
2508,5512,Odessa
2509,5516,Kharkiv
2510,5517,Sloviansk
2511,5517,Kherson
2512,5517,Odessa
2513,5517,Kharkiv
2514,5525,Kherson
2515,5525,Poltava
2516,5535,Donetsk
2517,5552,Kherson
2518,5562,Odessa
2519,5586,Lviv
2520,5597,Donetsk
2521,5607,Kherson
2522,5608,Odessa
2523,5637,Odessa
2524,5648,Kherson
2525,5660,Sloviansk
2526,5678,Kharkiv
2527,5682,Kherson
2528,5686,Saky
2529,5732,Saky
2530,5750,Lviv
2531,5756,Lviv
2532,5760,Lviv
2533,5766,Kharkiv
2534,5774,Kyiv
2535,5780,Kherson
2536,5780,Kharkiv
2537,5782,Kharkiv
2538,5793,Kharkiv
2539,5799,Kharkiv
2540,5800,Kherson
2541,5800,Kharkiv
2542,5806,Kharkiv
2543,5813,Kherson
2544,5813,Kharkiv
2545,5820,Kharkiv
2546,5875,Odessa
2547,5881,Kherson
2548,5886,Kherson
2549,5896,Kherson
2550,5910,Lviv
2551,5913,Kherson
2552,5915,Kherson
2553,5924,Kherson
2554,5931,Kharkiv
2555,5933,Donetsk
2556,5936,Kherson
2557,5956,Kharkiv
2558,5958,Kharkiv
2559,5958,Lviv
2560,5977,Kherson
2561,6016,Kherson
2562,6016,Kharkiv
2563,6024,Kherson
2564,6024,Kharkiv
2565,6035,Lviv
2566,6041,Kherson
2567,6041,Kharkiv
2568,6043,Kherson
2569,6043,Kharkiv
2570,6058,Kharkiv
2571,6070,Kharkiv
2572,6075,Kharkiv
2573,6077,Kherson
2574,6077,Odessa
2575,6077,Lviv
2576,6094,Kherson
2577,6103,Lviv
2578,6107,Kherson
2579,6107,Kharkiv
2580,6112,Odessa
2581,6123,Kherson
2582,6123,Kharkiv
2583,6127,Kharkiv
2584,6132,Kharkiv
2585,6147,Kharkiv
2586,6149,Kharkiv
2587,6161,Kharkiv
2588,6167,Kharkiv
2589,6168,Kharkiv
2590,6171,Kherson
2591,6171,Kharkiv
2592,6171,Saky
2593,6174,Kherson
2594,6185,Kharkiv
2595,6203,Kherson
2596,6203,Kharkiv
2597,6204,Kharkiv
2598,6208,Kharkiv
2599,6209,Kherson
2600,6209,Kharkiv
2601,6212,Kherson
2602,6215,Donetsk
2603,6215,Kherson
2604,6220,Kharkiv
2605,6223,Kharkiv
2606,6223,Lyman
2607,6228,Donetsk
2608,6228,Kherson
2609,6228,Lyman
2610,6255,Simferopol
2611,6265,Donetsk
2612,6265,Kherson
2613,6265,Kharkiv
2614,6274,Donetsk
2615,6274,Kherson
2616,6274,Kharkiv
2617,6280,Lviv
2618,6300,Donetsk
2619,6300,Kherson
2620,6300,Kharkiv
2621,6300,Lyman
2622,6310,Kharkiv
2623,6319,Kherson
2624,6319,Odessa
2625,6319,Kharkiv
2626,6332,Donetsk
2627,6332,Kherson
2628,6336,Kherson
2629,6364,Odessa
2630,6365,Kherson
2631,6366,Kherson
2632,6366,Kharkiv
2633,6371,Kherson
2634,6374,Kherson
2635,6378,Kherson
2636,6381,Kherson
2637,6385,Kherson
2638,6393,Kherson
2639,6400,Kherson
2640,6400,Lyman
2641,6408,Donetsk
2642,6408,Kherson
2643,6408,Kharkiv
2644,6408,Lyman
2645,6409,Lyman
2646,6413,Kyiv
2647,6413,Lyman
2648,6413,Kreminna
2649,6414,Kherson
2650,6414,Lyman
2651,6421,Kherson
2652,6425,Kherson
2653,6434,Lyman
2654,6436,Sloviansk
2655,6436,Kherson
2656,6436,Kharkiv
2657,6436,Lyman
2658,6436,Borova
2659,6436,Kreminna
2660,6438,Kherson
2661,6438,Kharkiv
2662,6450,Kharkiv
2663,6466,Kherson
2664,6485,Kharkiv
2665,6485,Lviv
2666,6492,Donetsk
2667,6492,Odessa
2668,6500,Kharkiv
2669,6501,Kherson
2670,6501,Odessa
2671,6508,Kherson
2672,6512,Kherson
2673,6512,Kharkiv
2674,6519,Kherson
2675,6525,Ternopil
2676,6525,Kherson
2677,6525,Lviv
2678,6536,Ternopil
2679,6536,Lviv
2680,6538,Ternopil
2681,6538,Lviv
2682,6544,Odessa
2683,6544,Kharkiv
2684,6544,Lviv
2685,6547,Kherson
2686,6549,Kherson
2687,6552,Ternopil
2688,6552,Kharkiv
2689,6552,Lviv
2690,6556,Lyman
2691,6557,Lviv
2692,6577,Kherson
2693,6577,Kharkiv
2694,6577,Lyman
2695,6583,Kherson
2696,6584,Kherson
2697,6586,Kherson
2698,6593,Kherson
2699,6595,Kherson
2700,6596,Kherson
2701,6597,Kherson
2702,6598,Kherson
2703,6606,Kherson
2704,6658,Kherson
2705,6658,Kharkiv
2706,6679,Kherson
2707,6693,Kherson
2708,6693,Kharkiv
2709,6704,Kherson
2710,6720,Kharkiv
2711,6723,Kharkiv
2712,6731,Kherson
2713,6733,Kherson
2714,6733,Kakhovka
2715,6734,Kherson
2716,6748,Kherson
2717,6751,Kherson
2718,6759,Kherson
2719,6767,Simferopol
2720,6768,Kherson
2721,6768,Kakhovka
2722,6770,Kherson
2723,6774,Kherson
2724,6784,Kharkiv
2725,6811,Kherson
2726,6842,Odessa
2727,6856,Kharkiv
2728,6887,Lyman
2729,6914,Kherson
2730,6926,Lyman
2731,6931,Kherson
2732,6931,Kharkiv
2733,6949,Kherson
2734,6949,Kharkiv
2735,6953,Kherson
2736,6953,Odessa
2737,6953,Kharkiv
2738,6955,Irpin
2739,6958,Kherson
2740,6958,Kakhovka
2741,6971,Kherson
2742,6972,Kherson
2743,6973,Kherson
2744,6979,Kharkiv
2745,6980,Kherson
2746,6983,Kherson
2747,6985,Kherson
2748,6992,Kherson
2749,6995,Kherson
2750,6996,Kherson
2751,7000,Kherson
2752,7001,Kherson
2753,7015,Kherson
2754,7017,Kherson
2755,7020,Kherson
2756,7023,Kherson
2757,7024,Kherson
2758,7024,Simferopol
2759,7026,Kherson
2760,7027,Kherson
2761,7029,Lviv
2762,7031,Lviv
2763,7034,Lviv
2764,7036,Lviv
2765,7045,Kherson
2766,7045,Kharkiv
2767,7066,Kherson
2768,7085,Kherson
2769,7091,Kherson
2770,7096,Kherson
2771,7169,Kherson
2772,7180,Kherson
2773,7180,Lviv
2774,7229,Kherson
2775,7229,Kharkiv
2776,7253,Kherson
2777,7259,Kherson
2778,7267,Kherson
2779,7337,Kherson
2780,7368,Kherson
2781,7403,Kharkiv
2782,7435,Kherson
2783,7442,Kharkiv
2784,7442,Lviv
2785,7470,Kherson
2786,7511,Kherson
2787,7511,Kharkiv
2788,7539,Odessa
2789,7557,Lviv
2790,7566,Odessa
2791,7576,Kherson
2792,7596,Donetsk
2793,7632,Kherson
2794,7662,Lviv
2795,7679,Sloviansk
2796,7679,Kherson
2797,7679,Kharkiv
2798,7686,Kherson
2799,7686,Kharkiv
2800,7690,Kherson
2801,7712,Sloviansk
2802,7712,Kherson
2803,7712,Kharkiv
2804,7712,Lyman
2805,7723,Kharkiv
2806,7723,Lviv
2807,7752,Brovary
2808,7757,Kharkiv
2809,7757,Brovary
2810,7793,Donetsk
2811,7793,Kherson
2812,7797,Kharkiv
2813,7826,Kherson
2814,7830,Brovary
2815,7927,Kherson
2816,7957,Sloviansk
2817,8017,Lyman
2818,8020,Kherson
2819,8078,Kharkiv
2820,8112,Donetsk
2821,8122,Kharkiv
2822,8132,Donetsk
2823,8132,Kharkiv
2824,8132,Lyman
2825,8134,Kyiv
2826,8140,Donetsk
2827,8150,Kharkiv
2828,8183,Kharkiv
2829,8206,Donetsk
2830,8211,Luka
2831,8212,Odessa
2832,8216,Kharkiv
2833,8235,Donetsk
2834,8235,Kharkiv
2835,8238,Kharkiv
2836,8241,Kherson
2837,8247,Kherson
2838,8251,Kharkiv
2839,8274,Kherson
2840,8280,Lviv
2841,8322,Kharkiv
2842,8367,Lviv
2843,8383,Lyman
2844,8390,Kharkiv
